img_199.jpg , 6 
img_73.jpg , 8 
img_96.jpg , 4 
img_55.jpg , 8 
img_238.jpg , 3 
img_246.jpg , 5 
img_294.jpg , 9 
img_140.jpg , 6 
img_313.jpg , 9 
img_70.jpg , 1 
img_187.jpg , 2 
img_228.jpg , 6 
img_222.jpg , 3 
img_257.jpg , 5 
img_144.jpg , 5 
img_146.jpg , 8 
img_134.jpg , 0 
img_239.jpg , 8 
img_291.jpg , 5 
img_1.jpg , 2 
img_38.jpg , 5 
img_60.jpg , 0 
img_278.jpg , 5 
img_241.jpg , 8 
img_284.jpg , 0 
img_136.jpg , 0 
img_247.jpg , 4 
img_219.jpg , 3 
img_182.jpg , 8 
img_303.jpg , 8 
img_56.jpg , 2 
img_295.jpg , 9 
img_226.jpg , 0 
img_34.jpg , 2 
img_292.jpg , 7 
img_230.jpg , 0 
img_245.jpg , 5 
img_227.jpg , 4 
img_13.jpg , 4 
img_85.jpg , 9 
img_207.jpg , 8 
img_235.jpg , 7 
img_166.jpg , 8 
img_58.jpg , 2 
img_253.jpg , 1 
img_271.jpg , 6 
img_51.jpg , 6 
img_110.jpg , 8 
img_213.jpg , 3 
img_281.jpg , 0 
img_296.jpg , 6 
img_92.jpg , 0 
img_220.jpg , 4 
img_282.jpg , 9 
img_65.jpg , 0 
img_163.jpg , 4 
img_108.jpg , 5 
img_157.jpg , 7 
img_12.jpg , 7 
img_135.jpg , 0 
img_307.jpg , 7 
img_75.jpg , 2 
img_42.jpg , 7 
img_131.jpg , 3 
img_289.jpg , 9 
img_21.jpg , 9 
img_121.jpg , 3 
img_141.jpg , 4 
img_172.jpg , 7 
img_193.jpg , 4 
img_133.jpg , 6 
img_262.jpg , 3 
img_27.jpg , 2 
img_181.jpg , 4 
img_338.jpg , 0 
img_269.jpg , 3 
img_132.jpg , 5 
img_211.jpg , 0 
img_46.jpg , 7 
img_171.jpg , 2 
img_277.jpg , 1 
img_248.jpg , 8 
img_148.jpg , 7 
img_62.jpg , 1 
img_343.jpg , 1 
img_191.jpg , 6 
img_206.jpg , 0 
img_273.jpg , 6 
img_79.jpg , 2 
img_216.jpg , 2 
img_11.jpg , 5 
img_259.jpg , 4 
img_124.jpg , 8 
img_174.jpg , 6 
img_162.jpg , 0 
img_323.jpg , 1 
img_330.jpg , 3 
img_202.jpg , 9 
img_260.jpg , 5 
img_101.jpg , 0 
img_129.jpg , 8 
img_255.jpg , 8 
img_139.jpg , 3 
img_123.jpg , 2 
img_2.jpg , 0 
img_194.jpg , 9 
img_210.jpg , 2 
img_314.jpg , 0 
img_37.jpg , 5 
img_209.jpg , 6 
img_107.jpg , 0 
img_32.jpg , 5 
img_335.jpg , 0 
img_86.jpg , 2 
img_265.jpg , 7 
img_17.jpg , 3 
img_283.jpg , 2 
img_342.jpg , 3 
img_185.jpg , 4 
img_117.jpg , 1 
img_104.jpg , 0 
img_156.jpg , 3 
img_264.jpg , 5 
img_98.jpg , 9 
img_286.jpg , 3 
img_208.jpg , 4 
img_344.jpg , 8 
img_142.jpg , 3 
img_237.jpg , 2 
img_130.jpg , 4 
img_138.jpg , 1 
img_178.jpg , 4 
img_69.jpg , 0 
img_150.jpg , 8 
img_276.jpg , 8 
img_118.jpg , 1 
img_322.jpg , 1 
img_170.jpg , 0 
img_177.jpg , 7 
img_234.jpg , 1 
img_105.jpg , 7 
img_161.jpg , 3 
img_81.jpg , 5 
img_268.jpg , 8 
img_151.jpg , 4 
img_18.jpg , 1 
img_333.jpg , 1 
img_119.jpg , 5 
img_186.jpg , 9 
img_261.jpg , 6 
img_26.jpg , 4 
img_300.jpg , 3 
img_196.jpg , 0 
img_57.jpg , 1 
img_100.jpg , 4 
img_147.jpg , 7 
img_251.jpg , 9 
img_340.jpg , 0 
img_275.jpg , 9 
img_80.jpg , 3 
img_76.jpg , 8 
img_10.jpg , 3 
img_25.jpg , 7 
img_280.jpg , 4 
img_143.jpg , 4 
img_149.jpg , 2 
img_48.jpg , 2 
img_78.jpg , 9 
img_197.jpg , 9 
img_122.jpg , 7 
img_22.jpg , 1 
img_59.jpg , 2 
img_305.jpg , 6 
img_179.jpg , 1 
img_16.jpg , 5 
img_68.jpg , 9 
img_267.jpg , 6 
img_332.jpg , 3 
img_204.jpg , 9 
img_4.jpg , 9 
img_50.jpg , 7 
img_49.jpg , 6 
img_287.jpg , 7 
img_188.jpg , 1 
img_240.jpg , 6 
img_252.jpg , 7 
img_274.jpg , 3 
img_167.jpg , 7 
img_244.jpg , 8 
img_250.jpg , 5 
img_309.jpg , 4 
img_318.jpg , 4 
img_95.jpg , 1 
img_54.jpg , 3 
img_20.jpg , 0 
img_109.jpg , 0 
img_158.jpg , 5 
img_67.jpg , 1 
img_325.jpg , 8 
img_184.jpg , 2 
img_154.jpg , 6 
img_45.jpg , 8 
img_169.jpg , 3 
img_348.jpg , 5 
img_14.jpg , 0 
img_270.jpg , 1 
img_128.jpg , 7 
img_337.jpg , 0 
img_93.jpg , 6 
img_82.jpg , 9 
img_84.jpg , 0 
img_312.jpg , 5 
img_77.jpg , 8 
img_7.jpg , 0 
img_232.jpg , 4 
img_127.jpg , 8 
img_192.jpg , 1 
img_180.jpg , 2 
img_15.jpg , 4 
img_304.jpg , 2 
img_310.jpg , 5 
img_40.jpg , 6 
img_279.jpg , 8 
img_308.jpg , 1 
img_99.jpg , 7 
img_288.jpg , 1 
img_212.jpg , 9 
img_176.jpg , 3 
img_229.jpg , 1 
img_137.jpg , 3 
img_316.jpg , 3 
img_8.jpg , 3 
img_327.jpg , 5 
img_155.jpg , 5 
img_31.jpg , 7 
img_320.jpg , 8 
img_87.jpg , 4 
img_236.jpg , 3 
img_24.jpg , 5 
img_71.jpg , 6 
img_349.jpg , 2 
img_324.jpg , 9 
img_120.jpg , 3 
img_44.jpg , 9 
img_233.jpg , 9 
img_114.jpg , 7 
img_339.jpg , 6 
img_160.jpg , 8 
img_83.jpg , 1 
img_331.jpg , 6 
img_28.jpg , 7 
img_74.jpg , 8 
img_195.jpg , 6 
img_272.jpg , 0 
img_336.jpg , 9 
img_47.jpg , 8 
img_111.jpg , 0 
img_90.jpg , 7 
img_91.jpg , 2 
img_214.jpg , 6 
img_153.jpg , 5 
img_102.jpg , 8 
img_30.jpg , 7 
img_89.jpg , 6 
img_19.jpg , 9 
img_225.jpg , 2 
img_173.jpg , 8 
img_266.jpg , 0 
img_113.jpg , 4 
img_329.jpg , 5 
img_165.jpg , 1 
img_164.jpg , 5 
img_9.jpg , 0 
img_249.jpg , 3 
img_94.jpg , 6 
img_328.jpg , 1 
img_301.jpg , 6 
img_285.jpg , 5 
img_5.jpg , 3 
img_175.jpg , 1 
img_242.jpg , 6 
img_189.jpg , 6 
img_36.jpg , 2 
img_64.jpg , 0 
img_97.jpg , 3 
img_223.jpg , 1 
img_215.jpg , 8 
img_254.jpg , 3 
img_61.jpg , 4 
img_33.jpg , 4 
img_125.jpg , 6 
img_243.jpg , 2 
img_334.jpg , 2 
img_299.jpg , 3 
img_317.jpg , 8 
img_190.jpg , 0 
img_53.jpg , 8 
img_341.jpg , 6 
img_72.jpg , 5 
img_39.jpg , 1 
img_221.jpg , 2 
img_168.jpg , 6 
img_263.jpg , 3 
img_88.jpg , 3 
img_23.jpg , 1 
img_203.jpg , 0 
img_350.jpg , 2 
img_126.jpg , 3 
img_306.jpg , 3 
img_43.jpg , 4 
img_112.jpg , 0 
img_116.jpg , 7 
img_298.jpg , 0 
img_66.jpg , 0 
img_35.jpg , 6 
img_319.jpg , 1 
img_145.jpg , 5 
img_297.jpg , 3 
img_205.jpg , 9 
img_231.jpg , 0 
img_6.jpg , 7 
img_201.jpg , 1 
img_346.jpg , 0 
img_345.jpg , 6 
img_302.jpg , 9 
img_106.jpg , 3 
img_52.jpg , 8 
img_183.jpg , 5 
img_224.jpg , 2 
img_63.jpg , 7 
img_115.jpg , 1 
img_311.jpg , 8 
img_198.jpg , 7 
img_293.jpg , 7 
img_347.jpg , 6 
img_159.jpg , 7 
img_258.jpg , 1 
img_256.jpg , 4 
img_152.jpg , 3 
img_315.jpg , 0 
img_290.jpg , 9 
img_29.jpg , 4 
img_217.jpg , 1 
img_321.jpg , 4 
img_3.jpg , 9 
img_326.jpg , 4 
img_200.jpg , 9 
img_218.jpg , 6 
img_103.jpg , 2 
img_41.jpg , 7 
